site,MinDist
168,2.0424230098724365
167,2.146101713180542
169,2.297231674194336
166,2.29768443107605
172,2.507953405380249
173,2.630572557449341
171,2.6587836742401123
170,2.735355854034424
162,2.9469425678253174
164,3.0033576488494873
158,3.4029700756073
160,3.4722654819488525
165,3.5872116088867188
163,4.180481910705566
159,4.966704368591309
156,5.691904544830322
161,5.867114543914795
157,5.941036701202393
174,6.121612071990967
130,6.432743549346924
128,8.050041198730469
129,8.343223571777344
132,8.610262870788574
175,8.663776397705078
127,8.67893123626709
131,9.08276081085205
135,9.287120819091797
134,10.11740493774414
155,10.484232902526855
150,10.583829879760742
133,10.615042686462402
126,10.764320373535156
192,11.62056827545166
176,11.859447479248047
195,11.982062339782715
193,12.020756721496582
190,12.278308868408203
154,12.567643165588379
149,12.811857223510742
194,12.852489471435547
148,13.011028289794922
191,13.081661224365234
137,13.1914644241333
136,13.34173583984375
151,14.22558879852295
196,15.432988166809082
177,15.570472717285156
152,16.33970832824707
189,16.839672088623047
153,16.908870697021484
178,18.002960205078125
179,21.070375442504883
