site,MinDist
672,2.794469118118286
683,2.9152333736419678
668,3.0571556091308594
670,3.1296603679656982
677,3.2390332221984863
676,3.357097864151001
673,3.406015396118164
680,3.4060282707214355
679,3.445821762084961
671,3.4933040142059326
665,3.584502935409546
669,3.7974565029144287
682,4.02392053604126
664,5.496627330780029
661,5.823474884033203
681,5.9038801193237305
667,5.947824478149414
678,6.182025909423828
675,6.2005438804626465
666,6.567033290863037
684,6.617311954498291
674,6.656708717346191
657,6.711319923400879
662,7.488280773162842
663,8.400362014770508
660,8.705665588378906
658,9.701634407043457
659,10.80026912689209
656,12.82095718383789
